Name,Clean Sheets %
Gaëtan Laborde
Simone Scuffet,0.097
William Osula
Manu Koné
Benjamin Pavard
Koen Casteels,0.16
Tobias Kempe
James McAtee
Pedro Chirivella
Youssouf Fofana
Thierry Correia
Aron Dønnum
Kevin Volland
Hicham Boudaoui
Billy Gilmour
Chumi
Stephan El Shaarawy
Mario Hermoso
Boubacar Traoré
Timothy Castagne
Teddy Teuma
Patrick Dorgu
Stefan Savic
Aarón Martín
Jorge Herrando
Jean-Philippe Mateta
Christian Eriksen
Luca Mazzitelli
Iván Balliu
Jens Cajuste
Giuseppe Pezzella
Denis Huseinbasic
Cheick Oumar Konaté
Jorginho
Matías Soulé
Lukas Daschner
Étienne Capoue
Neco Williams
Thibault De Smet
Mikkel Desler
Harvey Elliott
Philipp Hofmann
Alex Meret,0.194
César Montes
Granit Xhaka
Samuel Gigot
Malick Fofana
Jayden Bogle
Thiago Silva
Gonzalo Villar
Guido Rodríguez
Johan Mojica
Antonio Sánchez
Maximiliano Caufriez
Franck Honorat
Samu Omorodion
Bremer
Marvin Mehlem
Rafael Leão
Isaac Success
Tasos Douvikas
Nathan Collins
Adri Embarba
Steve Mounié
Óscar Trejo
Jack Robinson
Manuel Neuer,0.304
Geoffrey Kondogbia
Valentino Lazaro
Enzo Barrenechea
Andre Brooks
Matteo Ruggeri
Christian Kouamé
Linton Maina
Jonas Martin
Nico Schlotterbeck
Rodrigo Bentancur
Florian Wirtz
Unai López
Mattias Svanberg
Matz Sels,0.158
Nikola Moro
Yohann Magnin
Ollie Watkins
Rubén García
Alexis Blin
Gabriel Suazo
Nicolò Barella
Mohamed-Ali Cho
Thomas Kaminski,0.053
Adam Ounas
Rúben Dias
John McGinn
Jamie Leweling
Fran García
Harry Toffolo
Yacine Adli
Mahdi Camara
Joelinton
Florian Grillitsch
Abner Vinícius
Denis Thomalla
Arkadiusz Milik
Leonardo Balerdi
Mats Hummels
Lameck Banda
Vitinha
Alexandre Oukidja,0.206
Adam Marusic
Oliver Norwood
John Anthony Brooks
Noah Okafor
Daichi Kamada
Isi Palazón
Aihen Muñoz
Achraf Hakimi
Jarrod Bowen
Bernardo
Gianluca Lapadula
Kiliann Sildillia
Michael Folorunsho
Tom Krauß
Juan Iglesias
Mohamed Kaba
Abdoulaye Doucouré
Riccardo Sottil
Patrick Ciurria
Callum Wilson
Guillaume Restes,0.176
Josha Vagnoman
Joël Veltman
Zito Luvumbo
Ludovic Ajorque
Joachim Andersen
Alexandre Lacazette
Pau Torres
Bryan Mbeumo
Arsen Zakharyan
Kaio Jorge
Julian Ryerson
Francesco Caputo
Valentin Gendrey
Selim Amallah
Cristhian Stuani
Luka Modric
Josip Juranovic
Ronald Araujo
Pelly Ruddock Mpanzu
Jamie Bynoe-Gittens
Mattia Bani
Danilo Cataldi
Sead Kolasinac
Alexsandro Ribeiro
Josh Cullen
Rodri Sánchez
Iddrisu Baba
Predrag Rajkovic,0.25
Mikel Merino
Iker Muñoz
Rocco Reitz
Alessandro Bastoni
Marvin Ducksch
Leon Bailey
Jules Koundé
Manuel Locatelli
Robin Knoche
Samuel Grandsir
Teun Koopmeiners
Jorge de Frutos
Rassoul Ndiaye
Bernardo Silva
Andrii Lunin,0.476
Marvin Schwäbe,0.118
Aleksandr Golovin
Raúl de Tomás
Pedri
Antonio Blanco
João Cancelo
Fabián Ruiz
Manuel Lazzari
Valentín Castellanos
Boubakary Soumaré
Oliver Baumann,0.059
Muhammed Cham
Alassane Pléa
Milos Veljkovic
Michel Aebischer
Emerson
Nabil Bentaleb
Lorenzo Pellegrini
Antoine Griezmann
Jérémie Boga
Christoph Baumgartner
Dante
Auston Trusty
Samuele Birindelli
Dani Vivian
Matteo Darmian
Davide Calabria
Toti Gomes
Omar Traoré
Enzo Le Fée
Mikel Vesga
Lucas Ocampos
Alejandro Garnacho
Filip Jørgensen,0.167
Eric Martel
Pietro Pellegri
Issa Kaboré
Luis Milla
Brahim Díaz
Davide Zappacosta
Neto Borges
Curtis Jones
Willian Pacho
Dejan Ljubicic
Nahitan Nández
Bukayo Saka
Ismaël Traoré
Edoardo Bove
Javi Guerra
Antonio Rüdiger
Dan-Axel Zagadou
Timo Hübers
Thomas Foket
Matija Nastasic
Bilal Boutobba
Hugo Larsson
Adrien Truffert
Gianluigi Donnarumma,0.44
Romano Schmid
Federico Gatti
Ellyes Skhiri
Evan Ndicka
Milan Djuric
Vincenzo Grifo
Cauley Woodrow
Éderson
Mateusz Legowski
Carlos Neva
Darwin Machís
José Giménez
Massadio Haïdara
Nabil Alioui
Finn Dahmen,0.097
Stefano Sabelli
Ryan Christie
Rafael Borré
Marcel Sabitzer
Olivier Deman
Andrea Cambiaso
Fredrik Jensen
Jordan Ayew
Oscar Vilhelmsson
Leandro Trossard
Guillermo Maripán
Yves Bissouma
Lucas Beltrán
Reinier
Ivan Ordets
Alisson Becker,0.286
Sergio Akieme
Eray Cömert
Nicolas Höfler
Marvin Park
Uros Racic
Antonino Gallo
Leny Yoro
Fabio Miretti
Alfred Duncan
Maximilian Eggestein
Lukas Kübler
Dion Lopy
André Ayew
Diego Rico
Patrik Schick
Chris Richards
Iñaki Williams
Nicolò Zaniolo
Martín Zubimendi
Silvan Widmer
Romelu Lukaku
Liberato Cacace
Christoph Klarer
Carlos Augusto
Matteo Politano
Maximilian Wittek
Sean Longstaff
Hákon Haraldsson
Gastón Álvarez
Javi López
Rafa Marín
Hugo Duro
Junya Ito
Alessio Romagnoli
Robin Koch
Djibril Sow
Igor Julio
Kevin Müller,0.176
Justin Njinmah
Aleix García
Albert Gudmundsson
Julien Ponceau
Chris Führich
Rayan Aït-Nouri
Declan Rice
Francesco Acerbi
Manuel Ugarte
Giovanni González
Willy-Arnaud Boly
Adrien Tameze
Ismail Jakobs
Christophe Hérelle
Aster Vranckx
Matthieu Udol
Dayot Upamecano
Mykhailo Mudryk
Pavel Kaderábek
Joe Scally
Ihlas Bebou
Kévin N'Doram
Óscar Melendo
Roberto Gagliardini
Przemyslaw Frankowski
Jonas Hofmann
Sergi Guardiola
Jarrad Branthwaite
Ritsu Doan
Pierre Lees-Melou
Ridle Baku
Lewis Ferguson
Jordan Veretout
Rémy Cabella
Ibrahima Konaté
Armando Izzo
James Maddison
Alessandro Florenzi
Marcel Schuhen,0.097
Abde Ezzalzouli
Kevin Danso
Raoul Bellanova
Rodrigo Muniz
Hugo Guillamón
Erling Haaland
James Trafford,0.071
Yeray Álvarez
Christopher Trimmel
Luís Maximiano,0.182
David Soria,0.289
Benedikt Gimber
Mattéo Guendouzi
Fran Beltrán
Suat Serdar
Janik Haberer
Joel Ward
Brenden Aaronson
Akor Adams
Yoann Salmier
Adam Smith
Klaus Gjasula
Azzedine Ounahi
Moritz Jenz
Jonathan Gradit
Lazar Samardzic
Finn Becker
Pascal Groß
Kevin Gameiro
Max Aarons
Ondrej Duda
Caleb Ekuban
Jordan Ferri
Gabriel Jesus
Julian Brandt
Murillo
Ademola Lookman
Victor Chust
Sepp van den Berg
Renato Tapia
Philipp Köhn,0.227
András Schäfer
Moussa Diaby
Vítinha
Salis Abdul Samed
Pape Sarr
Jonny Evans
Ryan Yates
Enzo Loiodice
Rasmus Carstensen
Antoine Joujou
Elliot Anderson
Ruslan Malinovskyi
Jacob Brown
Emanuel Emegha
Lucas Tousart
Gianluca Scamacca
Yassine Kechta
Carlos Baleba
Martín Satriano
Rubén Duarte
Maximilian Arnold
James Ward-Prowse
Álex Grimaldo
Bertug Yildirim
Ørjan Nyland,0.25
Marcus Tavernier
Ciro Immobile
Álex Fernández
Cristian Romero
Bruno Fernandes
Nicolas Viola
Ángel Correa
Florian Neuhaus
Donyell Malen
Jakub Kiwior
Juan Cabal
Waldemar Anton
Rasmus Nicolaisen
Mërgim Vojvoda
Nico Elvedi
Martin Terrier
Stefan de Vrij
Harrison Reed
Jan Thielmann
Marco Bizot,0.406
Hiroki Ito
Falaye Sacko
Cristhian Mosquera
Roman Yaremchuk
Íñigo Ruíz de Galarreta
Gédéon Kalulu
Désiré Doué
Yehor Yarmoliuk
Alexander Nübel,0.367
Andrea Consigli,0.086
Matthias Bader
Shamar Nicholson
Kévin Van Den Kerkhof
Maxime Lopez
Khéphren Thuram
Théo Le Bris
Merlin Röhl
Alexis Sánchez
Aurélien Tchouaméni
Danny Ings
Matheus Henrique
Ashley Young
Rubén Vargas
Remi Oudin
Pepelu
Amir Rrahmani
Michele Di Gregorio,0.424
Lorenzo Montipò,0.216
Junior Dina Ebimbe
Lilian Brassier
Alessandro Deiola
Bafodé Diakité
Lyle Foster
Will Hughes
Nathan Aké
Maxime Gonalons
Konstantinos Mavropanos
Mikel Oyarzabal
Sebastiano Luperto
Rubén Sobrino
Max Finkgräfe
Juanlu Sánchez
Luca Pfeiffer
Rodrygo
Loïs Openda
Darko Lazovic
Denis Zakaria
Dara O'Shea
Myrto Uzuni
Luis Alberto
Casemiro
Tino Livramento
Raphinha
Leandro Barreiro
Neal Maupay
Takumi Minamino
Gaetano Oristanio
Philipp Max
Radamel Falcao
Grejohn Kyei
Kamory Doumbia
Nathan Ngoumou
Marc Guéhi
Jonathan Clauss
David García
Carlos Domínguez
Warren Bondo
Felipe Anderson
Hugo Bueno
Valery Fernández
Adrian Beck
Chris Wood
Warmed Omari
Lucas Boyé
Alphonso Davies
Raphaël Varane
Jon Pacheco
Rui Silva,0.321
Álvaro Vallés,0.243
Tijjani Reijnders
Mads Pedersen
Saman Ghoddos
Mario Pasalic
Mario Götze
Christopher Antwi-Adjei
Saúl Coco
Óscar Valentín
Cristiano Biraghi
Jóhann Gudmundsson
Tuta
Emerson Royal
Marc Pubill
Alexis Saelemaekers
Pathé Ciss
Josh Brownhill
Vincent Sierro
Dango Ouattara
Malick Thiaw
Yehvann Diouf,0.235
Stanislav Lobotka
Antonio Raíllo
Diogo Leite
Andy Diouf
João Pedro
Nikola Vlasic
Wilson Odobert
Mike Maignan,0.379
Mousa Al Ta'mari
Idrissa Gueye
Gabriel Martinelli
Óscar Mingueza
Ayoze Pérez
Aleksey Miranchuk
Matthias Ginter
Antoine Semenyo
Antonio Sanabria
Mateo Kovacic
Arthur Desmas,0.212
Konrad Laimer
Antonín Barák
Benjamin André
Mehdi Zeffane
Lee Kang-In
Rubén Peña
Pierre-Emile Højbjerg
Maxi Gómez
Frederik Rønnow,0.212
Milos Kerkez
Jérémy Le Douaron
Romain Del Castillo
Julián Álvarez
Andy Pelmard
Moïse Sahi
Koke
Stijn Spierings
Duje Caleta-Car
Folarin Balogun
Morten Thorsby
Moussa Diarra
Nicolás Tagliafico
Rubén Alcaraz
Isaak Touré
Christoph Zimmermann
Sebastiaan Bornauw
Jordan Zemura
Andrej Kramaric
Jamal Musiala
Mattia Zaccagni
Weston McKennie
Jeanuël Belocian
Kevin Behrens
Grigoris Kastanos
Cristian Gamboa
Edson Álvarez
Victor Boniface
Antony
Fabiano Parisi
Lucas Pires
Douglas Augusto
Ferland Mendy
Andrea Colpani
Rani Khedira
Rodrigo De Paul
Matthis Abline
Moussa Sissoko
Rasmus Kristensen
Axel Witsel
Nicolás Domínguez
Nahuel Molina
Manu Sánchez
Mostafa Mohamed
Ibrahim Sulemana
Nicola Sansone
Radu Dragusin
Gabriel Osho
Anthony Jung
Unai Simón,0.5
Pep Chavarría
Hakan Çalhanoglu
Lukás Hrádecky
Farès Chaïbi
Giovanni Simeone
Dominik Kohr
Duván Zapata
Marcos Llorente
Aiyegun Tosin
Manuel Akanji
Baptiste Santamaría
Yusuf Yazici
Vitinho
Bobby De Cordova-Reid
Oumar Diakité
Maximilian Beier
Facundo Buonanotte
Pedro Porro
Gonzalo Escalante
Paulo Azzi
Robert Andrich
Saël Kumbedi
Leo Østigård
Jeremy Toljan
Angelo Fulgini
Pawel Dawidowicz
Marcus Coco
Wahbi Khazri
Enzo Tchato
Elseid Hysaj
Robin Gosens
Aridane Hernández
Ilias Akhomach
Samuel Iling-Junior
Montassar Talbi
Diego Coppola
Tomás Soucek
Abdón Prats
João Palhinha
Nicolò Cambiaghi
Ilkay Gündogan
Gian Marco Ferrari
Andrea Pinamonti
Yann Sommer,0.559
Adrien Thomasson
Vedat Muriqi
Kieran Trippier
Tyrick Mitchell
Fikayo Tomori
Cristian Volpato
Giorgio Scalvini
Fabian Holland
Leonardo Pavoletti
Alfie Doughty
Luca Caldirola
Marc Cucurella
Pablo Barrios
Stefano Turati,0.161
Ezri Konsa
Randal Kolo Muani
Germán Pezzella
Viktor Tsyhankov
João Ferreira
José Arnaiz
Dani Ceballos
Lucas Chevalier,0.455
Anthony Gordon
Kurt Zouma
Cameron Archer
Nicolas Seiwald
Jesús Navas
Michail Antonio
Chiedozie Ogbene
Morgan Guilavogui
Stole Dimitrievski,0.351
Samuel Lino
Portu
Leon Goretzka
Dawid Kownacki
Mitchell Weiser
Anel Ahmedhodzic
Chris Ramos
Alessandro Buongiorno
Mathias Honsak
Nicolás González
Maximilian Kilman
Gabriel Magalhães
Craig Dawson
Florian Kainz
Hwang Hee-Chan
Miguel Almirón
Luca Ranieri
Guela Doué
Moritz Nicolas,0.148
José Ángel Carmona
Jan-Niklas Beste
Keane Lewis-Potter
Anton Stach
Charles De Ketelaere
Carlos Soler
Jan Schöppner
Willian José
Trent Alexander-Arnold
Manuel Gulde
Roger Martí
Eldor Shomurodov
Ismaël Bennacer
Caleb Okoli
Youssef En-Nesyri
Ardian Ismajli
Fali
Jens Stage
Rayan Cherki
Gustavo Hamer
Roberto Piccoli
Kike García
Ibrahim Salah
Marvin Senaya
Javi Muñoz
Willian
Bebé
Robin Zentner,0.233
Warren Zaïre-Emery
Isco
Dejan Kulusevski
Téji Savanier
Mario Lemina
Davide Frattesi
Jan Oblak,0.342
Tiago Santos
Tiémoué Bakayoko
Niklas Schmidt
Sargis Adamyan
Juan Miranda
Jonas Föhrenbach
Vitaly Janelt
Vicente Guaita,0.222
Eric García
Jan Paul van Hecke
Illia Zabarnyi
Adrien Rabiot
Luca de la Torre
Bradley Locko
Lucas Digne
Tim Skarke
Mama Baldé
Mikkel Damsgaard
Danley Jean Jacques
Gerard Gumbau
Andy Robertson
Wes Foderingham,0.033
Milan Skriniar
Matteo Prati
Marco Asensio
Marcus Thuram
Gerard Moreno
Mason Greenwood
Lewis Cook
Kai Havertz
Santi Comesaña
Jack Harrison
Dimitri Foulquier
Giorgos Kyriakopoulos
Matt Doherty
Elye Wahi
Angel Gomes
Billal Brahimi
Boubacar Kamara
Deiver Machado
Pablo Marí
Umut Tohumcu
Saúl Ñíguez
Marquinhos
Mohamed Camara
Václav Cerny
Pablo Sarabia
Silas Katompa Mvumpa
Karol Linetty
Koni De Winter
Jeffrey Schlupp
José Callejón
Lucas Hernández
Arnaud Kalimuendo
Johan Gastien
Florian Lejeune
Pablo Ibáñez
Ângelo
Suso
Nemanja Gudelj
Matteo Pessina
Marcos Acuña
Iliman Ndiaye
Julien Laporte
Takuma Asano
Jean-Daniel Akpa Akpro
Iker Muniain
Kevin Stöger
Senne Lynen
Mathías Olivera
Marco Brescianini
Takefusa Kubo
Kylian Mbappé
Moses Simon
Ibrahima Sissoko
Tommaso Augello
Loïc Négo
Bruno Guimarães
Dilane Bakwa
Charlie Taylor
Iván Alejo
Andrea Carboni
Johan Vásquez
Patric
Sofyan Amrabat
Razvan Marin
Manuel Riemann,0.121
Copete
Niklas Süle
Lennard Maloney
Ricard Sánchez
Moise Kean
Raúl García de Haro
Dominik Szoboszlai
Federico Bonazzoli
Ludovic Blas
Chancel Mbemba
Moritz Broschinski
Ricardo Rodríguez
Chukwubuikem Ikwuemesi
Mohamed Daramy
Sven Michel
Jordan Clark
Ross Barkley
Álvaro García
Benjamin Bourigeaud
Jon Guridi
Martín Payero
Marcin Bulka,0.5
Oleksandr Zinchenko
Guillermo Ochoa,0.048
Abakar Sylla
Josko Gvardiol
Victor Kristiansen
James Garner
Adam Hlozek
Gonzalo Melero
Angelo Stiller
Munir El Haddadi
Levi Colwill
Omar Marmoush
Pascal Stenzel
Jonathan David
Julian Weigl
Federico Dimarco
Felix Agu
Léo Leroy
Gonçalo Paciência
Ruben Aguilar
Carles Aleñá
Soungoutou Magassa
Anthony Losilla
Jonathan Burkardt
Florent Mollet
Martin Valjent
Abdel Abqar
Lukas Klostermann
Marc-André ter Stegen,0.536
Amari'i Bell
Antonee Robinson
Óscar Rodríguez
Emmanuel Gyasi
Ismaïla Sarr
Christian Nørgaard
Emmanuel Agbadou
Bartosz Bereszynski
Sander Berge
Jacob Bruun Larsen
Callum Hudson-Odoi
Pedro
Morten Frendrup
Arthur
Luca Netz
Phillipp Mwene
Jordan Siebatcheu
Vanderson
Christopher Jullien
Bart Verbruggen,0.19
Youri Tielemans
Emil Holm
Kobbie Mainoo
Eddie Nketiah
Gregor Kobel,0.259
Marvin Pieringer
Khvicha Kvaratskhelia
Anthony Elanga
Marco Reus
Christopher Opéri
Maxime Colin
Rasmus Højlund
Sergio Ruiz
Cole Palmer
Thomas Müller
Phillip Tietz
Josip Stanisic
Steffen Tigges
Benedict Hollerbach
Alphonse Areola,0.219
Orel Mangala
Jordy Makengo
Brajan Gruda
Arne Engels
Samuel Moutoussamy
Patrick Mainka
Ianis Hagi
Bartol Franjic
Sergio Herrera,0.313
Sardar Azmoun
Robert Lewandowski
Amine Gouiri
Kristoffer Ajer
Tommy Doyle
Divock Origi
Ethan Pinnock
Niels Nkounkou
João Gomes
José Gayà
Milan Badelj
Mads Roerslev
Ainsley Maitland-Niles
Bradley Barcola
Terem Moffi
Adam Lallana
Óscar De Marcos
Nabil Fekir
Xavi Simons
Nélson Semedo
Ismaël Doukouré
Eli Kroupi
Faride Alidou
Luka Jovic
Elijah Adebayo
Joakim Mæhle
Charalampos Lykogiannis
Pietro Terracciano,0.242
Alberto Grassi
Youssoufa Moukoko
Jake O'Brien
Fermín López
Robert Skov
Tosin Adarabioyo
Alex Král
Florian Sotoca
Morgan Gibbs-White
Walace
Frédéric Guilbert
Arthur Theate
Malo Gusto
Matty Cash
Ansgar Knauff
Bryan Cristante
David Pereira da Costa
Emre Can
Oliver Skipp
Daler Kuzyaev
Diogo Dalot
Maduka Okoye,0.238
Clinton Mata
Luca Pellegrini
Amine Adli
Nicolò Rovella
Becir Omeragic
Fabian Nürnberger
Thijs Dallinga
Djordje Petrovic,0.217
Manu Morlanes
Adrià Pedrosa
Khalil Fayad
Hans Hateboer
Mario Gila
Vanja Milinkovic-Savic,0.5
Leandro Paredes
Moi Gómez
Nathaniel Clyne
Francesco Gelli
Luis Díaz
Facundo Medina
Wojciech Szczesny,0.429
Beñat Prados
Henrikh Mkhitaryan
Noah Weißhaupt
Eric Choupo-Moting
Sergi Darder
Nicolò Casale
Miguel Gutiérrez
Jonathan Ikoné
Anthony Rouault
Jeremie Frimpong
Simon Kjær
Ivan Ilic
Jérémy Doku
Sergio Ramos
Beñat Turrientes
Daniel Boloca
Odsonne Édouard
Mika Mármol
Aïssa Laïdouni
James Tarkowski
Niklas Dorsch
Juan Jesus
Amadou Onana
Alexis Mac Allister
Tariq Lamptey
Mory Diaw,0.167
Kevin Mbabu
Memphis Depay
Diego Llorente
Largie Ramazani
Piotr Zielinski
Vinícius Júnior
Tomás Cvancara
Eren Dinkçi
Lorenzo Lucca
Cédric Zesiger
Kevin Paredes
Pau López,0.242
Felix Nmecha
Mateusz Wieteska
Thomas Thiesson Kristensen
Marius Bülter
Darlin Yongwa
Nico Williams
Kike Salas
Joshua Zirkzee
Simon Adingra
Marco Friedl
Samuel Chukwueze
Arouna Sangante
Dominic Solanke
Aitor Paredes
Rodri
Álvaro Morata
Alex Iwobi
Harry Wilson
Pablo Rosario
Héctor Bellerín
Douglas Luiz
Mathias Jensen
Lorenzo Pirola
Josué Casimir
Benjamin Lecomte,0.333
Danny Welbeck
Abde Rebbach
Pablo Torre
Léo Baptistão
Dani Rodríguez
Janis Blaswich,0.238
Lukasz Skorupski,0.406
Alessandro Vogliacco
Exequiel Palacios
Joshua Kimmich
Ousmane Dembélé
Cody Gakpo
Marcus Pedersen
Arthur Atta
Castello Lukeba
Emir Karic
Matías Vecino
Teden Mengi
Martin Ødegaard
Leroy Sané
Timothy Weah
André Silva
Yunis Abdelhamid
Stefan Posch
Giulio Maggiore
Ruan Tressoldi
Vitalii Mykolenko
Cheikh Sabaly
Kirian Rodríguez
Danilo dos Santos de Oliveira
Wesley Saïd
Axel Disasi
Harvey Barnes
Dani Olmo
Toni Lato
Mark Flekken,0.189
Bryan Zaragoza
Nedim Bajrami
Riccardo Calafiori
Íñigo Lekue
Gorka Guruzeta
Marshall Munetsi
Christian Mawissa
Elvis Rexhbeçaj
Kaoru Mitoma
Cyril Ngonge
Andreas Christensen
Tahith Chong
Edon Zhegrova
Neil El Aynaoui
Mateo Retegui
Alexander Sørloth
Reece Burke
Wout Weghorst
Joseph Okumu
Elia Caprile,0.217
Emiliano Martínez,0.265
Ilario Monterisi
Alex Scott
Abdoul Kader Bamba
Jhon Durán
Lamine Yamal
Moussa Niakhaté
Ivan Provedel,0.3
Ederson,0.394
Matej Maglica
Lautaro Martínez
Aleksandar Pavlovic
Jean-Kévin Duverne
Filip Kostic
Brendan Chardonnet
Lloyd Kelly
Óliver Torres
Jay Rodríguez
Armand Laurienté
Jhon Lucumí
Tomás Suslov
Edmond Tapsoba
Youssouf Ndayishimiye
Salih Özcan
Guglielmo Vicario,0.184
Giovanni Fabbian
Marin Pongracic
Nemanja Maksimovic
Ferran Torres
Danilo D'Ambrosio
Nikola Milenkovic
Marcus Rashford
Lucas Perrin
Destiny Udogie
Tom Cairney
William Saliba
Naouirou Ahamada
Rolando Mandragora
Kiko Femenía
Nahuel Tenaglia
Maxence Caqueret
Álex Moreno
Marius Wolf
Habib Keïta
Nayef Aguerd
Erhan Masovic
Jesús Areso
Ryan Gravenberch
Willi Orbán
Carlton Morris
Gabriel Gudmundsson
Jordan Pickford,0.342
Eberechi Eze
Sam Johnstone,0.3
Nehuén Pérez
Noni Madueke
Grischa Prömel
Grégoire Defrel
Jean-Charles Castelletto
Robert Navarro
Ernest Nuamah
Dwight McNeil
Youssef Maleh
Lucas Torró
Romain Faivre
Michael Gregoritsch
Elbasan Rashani
Martin Erlic
Logan Costa
Mohamed Bayo
Daley Blind
Neto,0.219
Gabriele Zappa
Fabian Schär
Fali Candé
Samuele Ricci
Christian Pulisic
David Raya,0.5
Scott McTominay
Brice Samba,0.424
Matthijs de Ligt
Alexander Isak
Diego Carlos
Valentín Carboni
Álex Suárez
Beto
Davie Selke
Takehiro Tomiyasu
Sandro Ramírez
Giacomo Bonaventura
Simone Romagnoli
Frank Onyeka
Harry Kane
Antonio Puertas
Omar Mascarell
Jude Bellingham
Serhou Guirassy
Enzo Fernández
Yuri Berchiche
Iñigo Martínez
Andros Townsend
Alex Berenguer
Dodi Lukébakio
Oliver McBurnie
Wataru Endo
Nicola Zalewski
Gabriel Strefezza
Amine Harit
Dan Burn
Son Heung-Min
Sergi Canós
Riccardo Orsolini
Jesús Vázquez
Pau Cubarsí
Aaron Wan-Bissaka
Zeki Amdouni
Ben Osborn
Anthony Caci
Victor Lindelöf
Arne Maier
Nikola Krstovic
Melvin Bard
Christopher Wooh
Brennan Johnson
Andreas Pereira
Justin Kluivert
Jackson Tchatchoua
Paulo Gazzaniga,0.316
Walid Cheddira
Paulo Dybala
Pervis Estupiñán
Aimar Oroz
Maximilian Mittelstädt
Marc Cardona
Patrick Osterhage
Kevin Strootman
Niclas Füllkrug
João Félix
Igor Zubeldia
Sergio Arribas
Dani Carvajal
Micky van de Ven
Dani Parejo
Antonio Sivera,0.294
Berat Djimsiti
Raheem Sterling
Jeff Chabot
Ben White
Vladimír Coufal
Carl Starfelt
Djené Dakonam
Federico Chiesa
Yan Couto
Artem Dovbyk
Danilho Doekhi
Sam Beukema
Ko Itakura
Jim Allevinah
Karim Onisiwo
Lorenzo Colombo
Roberto Pereyra
Iago
Marten de Roon
Hamari Traoré
Mathias Pereira Lage
Benjamin Sesko
Wladimiro Falcone,0.184
Alban Lafont,0.25
Jacob Murphy
Máximo Perrone
Sandi Lovric
Raúl Jiménez
Iván Martín
Jack Grealish
Noussair Mazraoui
Jordan Lotomba
Yangel Herrera
Nacho
Giovani Lo Celso
Krépin Diatta
Philip Billing
Kim Min-Jae
Wilfried Singo
Thomas Delaine
Ozan Kabak
Junior Mwanga
David López
Edimilson Fernandes
Rui Patrício,0.261
Álex Remiro,0.432
Arnaud Nordin
Michael Zetterer,0.222
Lewis Dunk
Luca Waldschmidt
Joris Chotard
Felix Uduokhai
Danny da Costa
Federico Valverde
Sergio Camello
Diego López
Alexis Claude-Maurice
Lucas Robertone
Ramon Terrats
Raphaël Guerreiro
Jeong Woo-Yeong
Marcos Senesi
Norman Theuerkauf
Wissam Ben Yedder
Alejandro Catena
Fran Pérez
Kiki Kouyaté
Samú Costa
Toni Kroos
Danilo Luiz da Silva
Leonardo Spinazzola
Richarlison
Sebastian Walukiewicz
Jonas Wind
Samuele Mulattieri
Jon Moncayola
Evan Ferguson
Alfonso Pedraza
Lee Jae-Sung
Danilo Pereira
Enzo Millot
Ismaily
Yoane Wissa
Michael Olise
Olivier Giroud
Calvin Bassey
Abdul Mumin
Ander Barrenetxea
Nicolas Jackson
Kingsley Ehizibue
Morgan Sanson
Joe Gomez
Kevin Sessa
Giacomo Raspadori
Joel Asoro
Jørgen Strand Larsen
Hugo Magnetti
Giangiacomo Magnani
Rodrigo Riquelme
Marco Carnesecchi,0.333
Eduardo Camavinga
Alberto Dossena
Joselu
Gianluca Mancini
Lovro Majer
Florian Pick
Mohamed Salah
Álex Sola
David Raum
Dion Beljo
Jaume Costa
Virgil van Dijk
Benjamin Henrichs
Vinicius Souza
Iza Carcelén
Mohammed Kudus
Pablo Maffeo
Ablie Jallow
Raúl García Escudero
Nick Woltemade
Matús Bero
Conor Gallagher
Yvon Mvogo,0.118
Kieran Tierney
Chadi Riad
Robin Le Normand
Max Wöber
Mário Rui
Leonardo Bittencourt
Ignasi Miquel
Joan González
Maghnes Akliouche
William Carvalho
Matteo Cancellieri
Habib Diarra
Anthony Lopes,0.29
Marvin Friedrich
Ante Budimir
José Luís Morales
Unai Gómez
Kevin Kampl
Giovanni Di Lorenzo
Ola Aina
Álex Baena
Noah Atubolu,0.294
Kristjan Asllani
Frank Magri
Maxence Lacroix
Yussuf Poulsen
Loïc Badé
Pol Lirola
Ermedin Demirovic
Javi Hernández
Jean-Clair Todibo
Savinho
Kacper Urbanski
Corentin Tolisso
Diogo Jota
Arnau Martínez
Keven Schlotterbeck
Omar Alderete
Conan Ledesma,0.265
Mikkel Kaufmann
Raúl Albiol
Ander Herrera
Ruben Loftus-Cheek
André Onana,0.237
Reda Khadra
Nikola Dovedan
Ander Guevara
Dusan Vlahovic
Iago Aspas
Abdoulaye Touré
Phil Foden
Kenny Lala
Tim Kleindienst
Issiaga Sylla
Darwin Núñez
José Sá,0.114
Jean-Ricner Bellegarde
Pedro Neto
Nicolas Pallois
Laurent Abergel
Ylber Ramadani
Steve Mandanda,0.206
Jaime Mata
Aurélio Buta
Lucas Paquetá
Jacopo Fazzini
Dany Mota
Oriol Romeu
Marc Roca
César Azpilicueta
Moisés Caicedo
Jonathan Bamba
Denzel Dumfries
Luis Sinisterra
Gonçalo Ramos
Frenkie de Jong
Miguel Rubio
Piero Hincapié
Yannick Gerhardt
Hassane Kamara
Lamine Camara
Umar Sadiq
Brais Méndez
Amadou Haidara
Kyle Walker
Tiago Tomás
Mathys Tel
Pierre-Emerick Aubameyang
Romain Perraud
Lassana Coulibaly
Étienne Youté
Norbert Gyömbér
Georges Mikautadze
Xaver Schlager
Festy Ebosele
Sergi Cardona
Kristian Thorstvedt
Théo Hernández
Julián Araujo
Gustav Isaksen
Gautier Lloris
Juan Cruz
Oihan Sancet
Jaka Bijol
Matheus Cunha
Florian Thauvin
Jérôme Roussillon
Yunus Musah
Cyle Larin
Cristian Cásseres
Taiwo Awoniyi
Lucas Vázquez
Atakan Karazor
Ivan Cavaleiro
Frank Anguissa
Alberto Moreno
Jessy Deminguet
Marco Richter
Deniz Undav
Andoni Gorosabel
Odilon Kossounou
Christian Groß
Marko Arnautovic
Ansu Fati
Federico Baschirotto
Jorge Cuenca
Cenk Özkacar
Unai Núñez
Warren Kamanzi
Antoine Makoumbou
Luis Rioja
Martin Dúbravka,0.217
Lucas Martínez Quarta
Jefferson Lerma
Roland Sallai
Alberto Moleiro
Kevin Trapp,0.219
Jonathan Tah
Emmanuel Sabbi
Remo Freuler
Hamza Rafia
Formose Mendy
Benno Schmitz
Josep Martínez,0.222
Bernd Leno,0.263
Carlos Benavídez
Mohamed Simakan
Keito Nakamura
Benito Ramírez
Victor Osimhen
Domagoj Bradaric
Jesper Lindstrøm
Loum Tchaouna
Evann Guessand
Sasa Lukic
Karim Adeyemi
Harry Maguire
Álex Pozo
Kike Pérez
Alfonso Espino
Robin Hack
M'Bala Nzola
Borja Mayoral
Nathan Tella
Antonio Candreva
Nathan Patterson
Dominic Calvert-Lewin
Juanmi Latasa
Pedro Pereira
Giorgi Mamardashvili,0.351
Edgar González
Amir Richardson
